dataset,id,roadId,fromNode,toNode,main,length_m,direction,source,networkReady,mapX,mapY,s3mX,s3mY,longitude,latitude,geometryType,geometryJson
park_road_network_edge,road-north-main-edge-01,road-north-main,node-001,node-002,true,238,horizontal,derived_from_road_centerlines,true,119,236,-1424.752,377.887,118.78126108,32.03787999,LineString,"{""type"":""LineString"",""coordinates"":[[0,236],[238,236]]}"
park_road_network_edge,road-north-main-edge-02,road-north-main,node-002,node-003,true,161,horizontal,derived_from_road_centerlines,true,318.5,236,-1121.036,377.887,118.78337525,32.03787999,LineString,"{""type"":""LineString"",""coordinates"":[[238,236],[399,236]]}"
park_road_network_edge,road-north-main-edge-03,road-north-main,node-003,node-004,true,276,horizontal,derived_from_road_centerlines,true,537,236,-788.395,377.887,118.78569076,32.03787999,LineString,"{""type"":""LineString"",""coordinates"":[[399,236],[675,236]]}"
park_road_network_edge,road-north-main-edge-04,road-north-main,node-004,node-005,true,93,horizontal,derived_from_road_centerlines,true,721.5,236,-507.514,377.887,118.78764596,32.03787999,LineString,"{""type"":""LineString"",""coordinates"":[[675,236],[768,236]]}"
park_road_network_edge,road-north-main-edge-05,road-north-main,node-005,node-006,true,180,horizontal,derived_from_road_centerlines,true,858,236,-299.708,377.887,118.7890925,32.03787999,LineString,"{""type"":""LineString"",""coordinates"":[[768,236],[948,236]]}"
park_road_network_edge,road-north-main-edge-06,road-north-main,node-006,node-007,true,127,horizontal,derived_from_road_centerlines,true,1011.5,236,-66.022,377.887,118.79071919,32.03787999,LineString,"{""type"":""LineString"",""coordinates"":[[948,236],[1075,236]]}"
park_road_network_edge,road-north-main-edge-07,road-north-main,node-007,node-008,true,152,horizontal,derived_from_road_centerlines,true,1151,236,146.351,377.887,118.79219751,32.03787999,LineString,"{""type"":""LineString"",""coordinates"":[[1075,236],[1227,236]]}"
park_road_network_edge,road-north-main-edge-08,road-north-main,node-008,node-009,true,360.2,horizontal,derived_from_road_centerlines,true,1407.1,236,536.234,377.887,118.79491148,32.03787999,LineString,"{""type"":""LineString"",""coordinates"":[[1227,236],[1587.2,236]]}"
park_road_network_edge,road-south-main-edge-01,road-south-main,node-010,node-011,true,238,horizontal,derived_from_road_centerlines,true,119,689,-1424.752,-582.653,118.78126108,32.03381064,LineString,"{""type"":""LineString"",""coordinates"":[[0,689],[238,689]]}"
park_road_network_edge,road-south-main-edge-02,road-south-main,node-011,node-012,true,989,horizontal,derived_from_road_centerlines,true,732.5,689,-490.768,-582.653,118.78776253,32.03381064,LineString,"{""type"":""LineString"",""coordinates"":[[238,689],[1227,689]]}"
park_road_network_edge,road-south-main-edge-03,road-south-main,node-012,node-013,true,360.2,horizontal,derived_from_road_centerlines,true,1407.1,689,536.234,-582.653,118.79491148,32.03381064,LineString,"{""type"":""LineString"",""coordinates"":[[1227,689],[1587.2,689]]}"
park_road_network_edge,road-west-main-edge-01,road-west-main,node-014,node-002,true,236,vertical,derived_from_road_centerlines,true,238,118,-1243.588,628.093,118.78252216,32.03893999,LineString,"{""type"":""LineString"",""coordinates"":[[238,0],[238,236]]}"
park_road_network_edge,road-west-main-edge-02,road-west-main,node-002,node-015,true,107,vertical,derived_from_road_centerlines,true,238,289.5,-1243.588,264.445,118.78252216,32.03739939,LineString,"{""type"":""LineString"",""coordinates"":[[238,236],[238,343]]}"
park_road_network_edge,road-west-main-edge-03,road-west-main,node-015,node-016,true,113,vertical,derived_from_road_centerlines,true,238,399.5,-1243.588,31.202,118.78252216,32.03641125,LineString,"{""type"":""LineString"",""coordinates"":[[238,343],[238,456]]}"
park_road_network_edge,road-west-main-edge-04,road-west-main,node-016,node-017,true,107,vertical,derived_from_road_centerlines,true,238,509.5,-1243.588,-202.042,118.78252216,32.0354231,LineString,"{""type"":""LineString"",""coordinates"":[[238,456],[238,563]]}"
park_road_network_edge,road-west-main-edge-05,road-west-main,node-017,node-011,true,126,vertical,derived_from_road_centerlines,true,238,626,-1243.588,-449.068,118.78252216,32.03437657,LineString,"{""type"":""LineString"",""coordinates"":[[238,563],[238,689]]}"
park_road_network_edge,road-west-main-edge-06,road-west-main,node-011,node-018,true,258.2,vertical,derived_from_road_centerlines,true,238,818.1,-1243.588,-856.396,118.78252216,32.03265092,LineString,"{""type"":""LineString"",""coordinates"":[[238,689],[238,947.2]]}"
park_road_network_edge,road-east-main-edge-01,road-east-main,node-019,node-008,true,236,vertical,derived_from_road_centerlines,true,1227,118,262.053,628.093,118.79300291,32.03893999,LineString,"{""type"":""LineString"",""coordinates"":[[1227,0],[1227,236]]}"
park_road_network_edge,road-east-main-edge-02,road-east-main,node-008,node-020,true,107,vertical,derived_from_road_centerlines,true,1227,289.5,262.053,264.445,118.79300291,32.03739939,LineString,"{""type"":""LineString"",""coordinates"":[[1227,236],[1227,343]]}"
park_road_network_edge,road-east-main-edge-03,road-east-main,node-020,node-021,true,113,vertical,derived_from_road_centerlines,true,1227,399.5,262.053,31.202,118.79300291,32.03641125,LineString,"{""type"":""LineString"",""coordinates"":[[1227,343],[1227,456]]}"
park_road_network_edge,road-east-main-edge-04,road-east-main,node-021,node-022,true,107,vertical,derived_from_road_centerlines,true,1227,509.5,262.053,-202.042,118.79300291,32.0354231,LineString,"{""type"":""LineString"",""coordinates"":[[1227,456],[1227,563]]}"
park_road_network_edge,road-east-main-edge-05,road-east-main,node-022,node-012,true,126,vertical,derived_from_road_centerlines,true,1227,626,262.053,-449.068,118.79300291,32.03437657,LineString,"{""type"":""LineString"",""coordinates"":[[1227,563],[1227,689]]}"
park_road_network_edge,road-east-main-edge-06,road-east-main,node-012,node-023,true,258.2,vertical,derived_from_road_centerlines,true,1227,818.1,262.053,-856.396,118.79300291,32.03265092,LineString,"{""type"":""LineString"",""coordinates"":[[1227,689],[1227,947.2]]}"
park_road_network_edge,road-center-west-edge-01,road-center-west,node-024,node-005,false,10,vertical,derived_from_road_centerlines,true,768,231,-436.723,388.489,118.78813874,32.0379249,LineString,"{""type"":""LineString"",""coordinates"":[[768,226],[768,236]]}"
park_road_network_edge,road-center-west-edge-02,road-center-west,node-005,node-025,false,107,vertical,derived_from_road_centerlines,true,768,289.5,-436.723,264.445,118.78813874,32.03739939,LineString,"{""type"":""LineString"",""coordinates"":[[768,236],[768,343]]}"
park_road_network_edge,road-center-west-edge-03,road-center-west,node-025,node-026,false,113,vertical,derived_from_road_centerlines,true,768,399.5,-436.723,31.202,118.78813874,32.03641125,LineString,"{""type"":""LineString"",""coordinates"":[[768,343],[768,456]]}"
park_road_network_edge,road-center-west-edge-04,road-center-west,node-026,node-027,false,107,vertical,derived_from_road_centerlines,true,768,509.5,-436.723,-202.042,118.78813874,32.0354231,LineString,"{""type"":""LineString"",""coordinates"":[[768,456],[768,563]]}"
park_road_network_edge,road-center-west-edge-05,road-center-west,node-027,node-028,false,115,vertical,derived_from_road_centerlines,true,768,620.5,-436.723,-437.406,118.78813874,32.03442598,LineString,"{""type"":""LineString"",""coordinates"":[[768,563],[768,678]]}"
park_road_network_edge,road-center-east-edge-01,road-center-east,node-029,node-006,false,10,vertical,derived_from_road_centerlines,true,948,231,-162.693,388.489,118.79004626,32.0379249,LineString,"{""type"":""LineString"",""coordinates"":[[948,226],[948,236]]}"
park_road_network_edge,road-center-east-edge-02,road-center-east,node-006,node-030,false,107,vertical,derived_from_road_centerlines,true,948,289.5,-162.693,264.445,118.79004626,32.03739939,LineString,"{""type"":""LineString"",""coordinates"":[[948,236],[948,343]]}"
park_road_network_edge,road-center-east-edge-03,road-center-east,node-030,node-031,false,113,vertical,derived_from_road_centerlines,true,948,399.5,-162.693,31.202,118.79004626,32.03641125,LineString,"{""type"":""LineString"",""coordinates"":[[948,343],[948,456]]}"
park_road_network_edge,road-center-east-edge-04,road-center-east,node-031,node-032,false,107,vertical,derived_from_road_centerlines,true,948,509.5,-162.693,-202.042,118.79004626,32.0354231,LineString,"{""type"":""LineString"",""coordinates"":[[948,456],[948,563]]}"
park_road_network_edge,road-center-east-edge-05,road-center-east,node-032,node-033,false,115,vertical,derived_from_road_centerlines,true,948,620.5,-162.693,-437.406,118.79004626,32.03442598,LineString,"{""type"":""LineString"",""coordinates"":[[948,563],[948,678]]}"
park_road_network_edge,road-west-service-edge-01,road-west-service,node-034,node-003,false,10,vertical,derived_from_road_centerlines,true,399,231,-998.484,388.489,118.78422833,32.0379249,LineString,"{""type"":""LineString"",""coordinates"":[[399,226],[399,236]]}"
park_road_network_edge,road-west-service-edge-02,road-west-service,node-003,node-035,false,107,vertical,derived_from_road_centerlines,true,399,289.5,-998.484,264.445,118.78422833,32.03739939,LineString,"{""type"":""LineString"",""coordinates"":[[399,236],[399,343]]}"
park_road_network_edge,road-west-service-edge-03,road-west-service,node-035,node-036,false,113,vertical,derived_from_road_centerlines,true,399,399.5,-998.484,31.202,118.78422833,32.03641125,LineString,"{""type"":""LineString"",""coordinates"":[[399,343],[399,456]]}"
park_road_network_edge,road-west-service-edge-04,road-west-service,node-036,node-037,false,107,vertical,derived_from_road_centerlines,true,399,509.5,-998.484,-202.042,118.78422833,32.0354231,LineString,"{""type"":""LineString"",""coordinates"":[[399,456],[399,563]]}"
park_road_network_edge,road-west-service-edge-05,road-west-service,node-037,node-038,false,115,vertical,derived_from_road_centerlines,true,399,620.5,-998.484,-437.406,118.78422833,32.03442598,LineString,"{""type"":""LineString"",""coordinates"":[[399,563],[399,678]]}"
park_road_network_edge,road-mid-service-edge-01,road-mid-service,node-039,node-004,false,10,vertical,derived_from_road_centerlines,true,675,231,-578.305,388.489,118.78715319,32.0379249,LineString,"{""type"":""LineString"",""coordinates"":[[675,226],[675,236]]}"
park_road_network_edge,road-mid-service-edge-02,road-mid-service,node-004,node-040,false,107,vertical,derived_from_road_centerlines,true,675,289.5,-578.305,264.445,118.78715319,32.03739939,LineString,"{""type"":""LineString"",""coordinates"":[[675,236],[675,343]]}"
park_road_network_edge,road-mid-service-edge-03,road-mid-service,node-040,node-041,false,113,vertical,derived_from_road_centerlines,true,675,399.5,-578.305,31.202,118.78715319,32.03641125,LineString,"{""type"":""LineString"",""coordinates"":[[675,343],[675,456]]}"
park_road_network_edge,road-mid-service-edge-04,road-mid-service,node-041,node-042,false,107,vertical,derived_from_road_centerlines,true,675,509.5,-578.305,-202.042,118.78715319,32.0354231,LineString,"{""type"":""LineString"",""coordinates"":[[675,456],[675,563]]}"
park_road_network_edge,road-mid-service-edge-05,road-mid-service,node-042,node-043,false,115,vertical,derived_from_road_centerlines,true,675,620.5,-578.305,-437.406,118.78715319,32.03442598,LineString,"{""type"":""LineString"",""coordinates"":[[675,563],[675,678]]}"
park_road_network_edge,road-east-yard-service-edge-01,road-east-yard-service,node-044,node-007,false,10,vertical,derived_from_road_centerlines,true,1075,231,30.65,388.489,118.79139212,32.0379249,LineString,"{""type"":""LineString"",""coordinates"":[[1075,226],[1075,236]]}"
park_road_network_edge,road-east-yard-service-edge-02,road-east-yard-service,node-007,node-045,false,107,vertical,derived_from_road_centerlines,true,1075,289.5,30.65,264.445,118.79139212,32.03739939,LineString,"{""type"":""LineString"",""coordinates"":[[1075,236],[1075,343]]}"
park_road_network_edge,road-east-yard-service-edge-03,road-east-yard-service,node-045,node-046,false,113,vertical,derived_from_road_centerlines,true,1075,399.5,30.65,31.202,118.79139212,32.03641125,LineString,"{""type"":""LineString"",""coordinates"":[[1075,343],[1075,456]]}"
park_road_network_edge,road-east-yard-service-edge-04,road-east-yard-service,node-046,node-047,false,107,vertical,derived_from_road_centerlines,true,1075,509.5,30.65,-202.042,118.79139212,32.0354231,LineString,"{""type"":""LineString"",""coordinates"":[[1075,456],[1075,563]]}"
park_road_network_edge,road-east-yard-service-edge-05,road-east-yard-service,node-047,node-048,false,115,vertical,derived_from_road_centerlines,true,1075,620.5,30.65,-437.406,118.79139212,32.03442598,LineString,"{""type"":""LineString"",""coordinates"":[[1075,563],[1075,678]]}"
park_road_network_edge,road-row-north-edge-01,road-row-north,node-049,node-015,false,9,horizontal,derived_from_road_centerlines,true,233.5,343,-1250.439,151.004,118.78247447,32.03691879,LineString,"{""type"":""LineString"",""coordinates"":[[229,343],[238,343]]}"
park_road_network_edge,road-row-north-edge-02,road-row-north,node-015,node-050,false,17,horizontal,derived_from_road_centerlines,true,246.5,343,-1230.648,151.004,118.78261224,32.03691879,LineString,"{""type"":""LineString"",""coordinates"":[[238,343],[255,343]]}"
park_road_network_edge,road-row-north-edge-03,road-row-north,node-050,node-035,false,144,horizontal,derived_from_road_centerlines,true,327,343,-1108.096,151.004,118.78346532,32.03691879,LineString,"{""type"":""LineString"",""coordinates"":[[255,343],[399,343]]}"
park_road_network_edge,road-row-north-edge-04,road-row-north,node-035,node-051,false,190,horizontal,derived_from_road_centerlines,true,494,343,-853.857,151.004,118.78523507,32.03691879,LineString,"{""type"":""LineString"",""coordinates"":[[399,343],[589,343]]}"
park_road_network_edge,road-row-north-edge-05,road-row-north,node-051,node-040,false,86,horizontal,derived_from_road_centerlines,true,632,343,-643.768,151.004,118.7866975,32.03691879,LineString,"{""type"":""LineString"",""coordinates"":[[589,343],[675,343]]}"
park_road_network_edge,road-row-north-edge-06,road-row-north,node-040,node-025,false,93,horizontal,derived_from_road_centerlines,true,721.5,343,-507.514,151.004,118.78764596,32.03691879,LineString,"{""type"":""LineString"",""coordinates"":[[675,343],[768,343]]}"
park_road_network_edge,road-row-north-edge-07,road-row-north,node-025,node-030,false,180,horizontal,derived_from_road_centerlines,true,858,343,-299.708,151.004,118.7890925,32.03691879,LineString,"{""type"":""LineString"",""coordinates"":[[768,343],[948,343]]}"
park_road_network_edge,road-row-north-edge-08,road-row-north,node-030,node-052,false,43,horizontal,derived_from_road_centerlines,true,969.5,343,-129.962,151.004,118.7902741,32.03691879,LineString,"{""type"":""LineString"",""coordinates"":[[948,343],[991,343]]}"
park_road_network_edge,road-row-north-edge-09,road-row-north,node-052,node-045,false,84,horizontal,derived_from_road_centerlines,true,1033,343,-33.291,151.004,118.79094703,32.03691879,LineString,"{""type"":""LineString"",""coordinates"":[[991,343],[1075,343]]}"
park_road_network_edge,road-row-north-edge-10,road-row-north,node-045,node-020,false,152,horizontal,derived_from_road_centerlines,true,1151,343,146.351,151.004,118.79219751,32.03691879,LineString,"{""type"":""LineString"",""coordinates"":[[1075,343],[1227,343]]}"
park_road_network_edge,road-row-north-edge-11,road-row-north,node-020,node-053,false,11,horizontal,derived_from_road_centerlines,true,1232.5,343,270.426,151.004,118.79306119,32.03691879,LineString,"{""type"":""LineString"",""coordinates"":[[1227,343],[1238,343]]}"
park_road_network_edge,road-row-middle-edge-01,road-row-middle,node-054,node-016,false,9,horizontal,derived_from_road_centerlines,true,233.5,456,-1250.439,-88.601,118.78247447,32.0359037,LineString,"{""type"":""LineString"",""coordinates"":[[229,456],[238,456]]}"
park_road_network_edge,road-row-middle-edge-02,road-row-middle,node-016,node-055,false,17,horizontal,derived_from_road_centerlines,true,246.5,456,-1230.648,-88.601,118.78261224,32.0359037,LineString,"{""type"":""LineString"",""coordinates"":[[238,456],[255,456]]}"
park_road_network_edge,road-row-middle-edge-03,road-row-middle,node-055,node-036,false,144,horizontal,derived_from_road_centerlines,true,327,456,-1108.096,-88.601,118.78346532,32.0359037,LineString,"{""type"":""LineString"",""coordinates"":[[255,456],[399,456]]}"
park_road_network_edge,road-row-middle-edge-04,road-row-middle,node-036,node-056,false,190,horizontal,derived_from_road_centerlines,true,494,456,-853.857,-88.601,118.78523507,32.0359037,LineString,"{""type"":""LineString"",""coordinates"":[[399,456],[589,456]]}"
park_road_network_edge,road-row-middle-edge-05,road-row-middle,node-056,node-041,false,86,horizontal,derived_from_road_centerlines,true,632,456,-643.768,-88.601,118.7866975,32.0359037,LineString,"{""type"":""LineString"",""coordinates"":[[589,456],[675,456]]}"
park_road_network_edge,road-row-middle-edge-06,road-row-middle,node-041,node-026,false,93,horizontal,derived_from_road_centerlines,true,721.5,456,-507.514,-88.601,118.78764596,32.0359037,LineString,"{""type"":""LineString"",""coordinates"":[[675,456],[768,456]]}"
park_road_network_edge,road-row-middle-edge-07,road-row-middle,node-026,node-031,false,180,horizontal,derived_from_road_centerlines,true,858,456,-299.708,-88.601,118.7890925,32.0359037,LineString,"{""type"":""LineString"",""coordinates"":[[768,456],[948,456]]}"
park_road_network_edge,road-row-middle-edge-08,road-row-middle,node-031,node-057,false,43,horizontal,derived_from_road_centerlines,true,969.5,456,-129.962,-88.601,118.7902741,32.0359037,LineString,"{""type"":""LineString"",""coordinates"":[[948,456],[991,456]]}"
park_road_network_edge,road-row-middle-edge-09,road-row-middle,node-057,node-046,false,84,horizontal,derived_from_road_centerlines,true,1033,456,-33.291,-88.601,118.79094703,32.0359037,LineString,"{""type"":""LineString"",""coordinates"":[[991,456],[1075,456]]}"
park_road_network_edge,road-row-middle-edge-10,road-row-middle,node-046,node-021,false,152,horizontal,derived_from_road_centerlines,true,1151,456,146.351,-88.601,118.79219751,32.0359037,LineString,"{""type"":""LineString"",""coordinates"":[[1075,456],[1227,456]]}"
park_road_network_edge,road-row-middle-edge-11,road-row-middle,node-021,node-058,false,11,horizontal,derived_from_road_centerlines,true,1232.5,456,270.426,-88.601,118.79306119,32.0359037,LineString,"{""type"":""LineString"",""coordinates"":[[1227,456],[1238,456]]}"
park_road_network_edge,road-row-south-edge-01,road-row-south,node-059,node-017,false,9,horizontal,derived_from_road_centerlines,true,233.5,563,-1250.439,-315.483,118.78247447,32.03494251,LineString,"{""type"":""LineString"",""coordinates"":[[229,563],[238,563]]}"
park_road_network_edge,road-row-south-edge-02,road-row-south,node-017,node-060,false,17,horizontal,derived_from_road_centerlines,true,246.5,563,-1230.648,-315.483,118.78261224,32.03494251,LineString,"{""type"":""LineString"",""coordinates"":[[238,563],[255,563]]}"
park_road_network_edge,road-row-south-edge-03,road-row-south,node-060,node-037,false,144,horizontal,derived_from_road_centerlines,true,327,563,-1108.096,-315.483,118.78346532,32.03494251,LineString,"{""type"":""LineString"",""coordinates"":[[255,563],[399,563]]}"
park_road_network_edge,road-row-south-edge-04,road-row-south,node-037,node-061,false,190,horizontal,derived_from_road_centerlines,true,494,563,-853.857,-315.483,118.78523507,32.03494251,LineString,"{""type"":""LineString"",""coordinates"":[[399,563],[589,563]]}"
park_road_network_edge,road-row-south-edge-05,road-row-south,node-061,node-042,false,86,horizontal,derived_from_road_centerlines,true,632,563,-643.768,-315.483,118.7866975,32.03494251,LineString,"{""type"":""LineString"",""coordinates"":[[589,563],[675,563]]}"
park_road_network_edge,road-row-south-edge-06,road-row-south,node-042,node-027,false,93,horizontal,derived_from_road_centerlines,true,721.5,563,-507.514,-315.483,118.78764596,32.03494251,LineString,"{""type"":""LineString"",""coordinates"":[[675,563],[768,563]]}"
park_road_network_edge,road-row-south-edge-07,road-row-south,node-027,node-032,false,180,horizontal,derived_from_road_centerlines,true,858,563,-299.708,-315.483,118.7890925,32.03494251,LineString,"{""type"":""LineString"",""coordinates"":[[768,563],[948,563]]}"
park_road_network_edge,road-row-south-edge-08,road-row-south,node-032,node-062,false,43,horizontal,derived_from_road_centerlines,true,969.5,563,-129.962,-315.483,118.7902741,32.03494251,LineString,"{""type"":""LineString"",""coordinates"":[[948,563],[991,563]]}"
park_road_network_edge,road-row-south-edge-09,road-row-south,node-062,node-047,false,84,horizontal,derived_from_road_centerlines,true,1033,563,-33.291,-315.483,118.79094703,32.03494251,LineString,"{""type"":""LineString"",""coordinates"":[[991,563],[1075,563]]}"
park_road_network_edge,road-row-south-edge-10,road-row-south,node-047,node-022,false,152,horizontal,derived_from_road_centerlines,true,1151,563,146.351,-315.483,118.79219751,32.03494251,LineString,"{""type"":""LineString"",""coordinates"":[[1075,563],[1227,563]]}"
park_road_network_edge,road-row-south-edge-11,road-row-south,node-022,node-063,false,11,horizontal,derived_from_road_centerlines,true,1232.5,563,270.426,-315.483,118.79306119,32.03494251,LineString,"{""type"":""LineString"",""coordinates"":[[1227,563],[1238,563]]}"
park_road_network_edge,road-west-loop-edge-01,road-west-loop,node-064,node-050,false,97,vertical,derived_from_road_centerlines,true,255,294.5,-1217.708,253.843,118.78270232,32.03735447,LineString,"{""type"":""LineString"",""coordinates"":[[255,246],[255,343]]}"
park_road_network_edge,road-west-loop-edge-02,road-west-loop,node-050,node-055,false,113,vertical,derived_from_road_centerlines,true,255,399.5,-1217.708,31.202,118.78270232,32.03641125,LineString,"{""type"":""LineString"",""coordinates"":[[255,343],[255,456]]}"
park_road_network_edge,road-west-loop-edge-03,road-west-loop,node-055,node-060,false,107,vertical,derived_from_road_centerlines,true,255,509.5,-1217.708,-202.042,118.78270232,32.0354231,LineString,"{""type"":""LineString"",""coordinates"":[[255,456],[255,563]]}"
park_road_network_edge,road-west-loop-edge-04,road-west-loop,node-060,node-065,false,115,vertical,derived_from_road_centerlines,true,255,620.5,-1217.708,-437.406,118.78270232,32.03442598,LineString,"{""type"":""LineString"",""coordinates"":[[255,563],[255,678]]}"
park_road_network_edge,road-tank-loop-edge-01,road-tank-loop,node-066,node-051,false,97,vertical,derived_from_road_centerlines,true,589,294.5,-709.23,253.843,118.78624182,32.03735447,LineString,"{""type"":""LineString"",""coordinates"":[[589,246],[589,343]]}"
park_road_network_edge,road-tank-loop-edge-02,road-tank-loop,node-051,node-056,false,113,vertical,derived_from_road_centerlines,true,589,399.5,-709.23,31.202,118.78624182,32.03641125,LineString,"{""type"":""LineString"",""coordinates"":[[589,343],[589,456]]}"
park_road_network_edge,road-tank-loop-edge-03,road-tank-loop,node-056,node-061,false,107,vertical,derived_from_road_centerlines,true,589,509.5,-709.23,-202.042,118.78624182,32.0354231,LineString,"{""type"":""LineString"",""coordinates"":[[589,456],[589,563]]}"
park_road_network_edge,road-tank-loop-edge-04,road-tank-loop,node-061,node-067,false,115,vertical,derived_from_road_centerlines,true,589,620.5,-709.23,-437.406,118.78624182,32.03442598,LineString,"{""type"":""LineString"",""coordinates"":[[589,563],[589,678]]}"
park_road_network_edge,road-logistics-loop-edge-01,road-logistics-loop,node-068,node-052,false,97,vertical,derived_from_road_centerlines,true,991,294.5,-97.231,253.843,118.79050194,32.03735447,LineString,"{""type"":""LineString"",""coordinates"":[[991,246],[991,343]]}"
park_road_network_edge,road-logistics-loop-edge-02,road-logistics-loop,node-052,node-057,false,113,vertical,derived_from_road_centerlines,true,991,399.5,-97.231,31.202,118.79050194,32.03641125,LineString,"{""type"":""LineString"",""coordinates"":[[991,343],[991,456]]}"
park_road_network_edge,road-logistics-loop-edge-03,road-logistics-loop,node-057,node-062,false,107,vertical,derived_from_road_centerlines,true,991,509.5,-97.231,-202.042,118.79050194,32.0354231,LineString,"{""type"":""LineString"",""coordinates"":[[991,456],[991,563]]}"
park_road_network_edge,road-logistics-loop-edge-04,road-logistics-loop,node-062,node-069,false,115,vertical,derived_from_road_centerlines,true,991,620.5,-97.231,-437.406,118.79050194,32.03442598,LineString,"{""type"":""LineString"",""coordinates"":[[991,563],[991,678]]}"
