dataset,id,type,degree,x_m,y_m,source,mapX,mapY,s3mX,s3mY,longitude,latitude,geometryType,geometryJson
park_road_network_node,node-001,endpoint_or_junction,1,0,236,derived_from_road_centerlines,0,236,-1605.916,377.887,118.78,32.03787999,Point,"{""type"":""Point"",""coordinates"":[0,236]}"
park_road_network_node,node-002,intersection,4,238,236,derived_from_road_centerlines,238,236,-1243.588,377.887,118.78252216,32.03787999,Point,"{""type"":""Point"",""coordinates"":[238,236]}"
park_road_network_node,node-003,intersection,4,399,236,derived_from_road_centerlines,399,236,-998.484,377.887,118.78422833,32.03787999,Point,"{""type"":""Point"",""coordinates"":[399,236]}"
park_road_network_node,node-004,intersection,4,675,236,derived_from_road_centerlines,675,236,-578.305,377.887,118.78715319,32.03787999,Point,"{""type"":""Point"",""coordinates"":[675,236]}"
park_road_network_node,node-005,intersection,4,768,236,derived_from_road_centerlines,768,236,-436.723,377.887,118.78813874,32.03787999,Point,"{""type"":""Point"",""coordinates"":[768,236]}"
park_road_network_node,node-006,intersection,4,948,236,derived_from_road_centerlines,948,236,-162.693,377.887,118.79004626,32.03787999,Point,"{""type"":""Point"",""coordinates"":[948,236]}"
park_road_network_node,node-007,intersection,4,1075,236,derived_from_road_centerlines,1075,236,30.65,377.887,118.79139212,32.03787999,Point,"{""type"":""Point"",""coordinates"":[1075,236]}"
park_road_network_node,node-008,intersection,4,1227,236,derived_from_road_centerlines,1227,236,262.053,377.887,118.79300291,32.03787999,Point,"{""type"":""Point"",""coordinates"":[1227,236]}"
park_road_network_node,node-009,endpoint_or_junction,1,1587.2,236,derived_from_road_centerlines,1587.2,236,810.416,377.887,118.79682006,32.03787999,Point,"{""type"":""Point"",""coordinates"":[1587.2,236]}"
park_road_network_node,node-010,endpoint_or_junction,1,0,689,derived_from_road_centerlines,0,689,-1605.916,-582.653,118.78,32.03381064,Point,"{""type"":""Point"",""coordinates"":[0,689]}"
park_road_network_node,node-011,intersection,4,238,689,derived_from_road_centerlines,238,689,-1243.588,-582.653,118.78252216,32.03381064,Point,"{""type"":""Point"",""coordinates"":[238,689]}"
park_road_network_node,node-012,intersection,4,1227,689,derived_from_road_centerlines,1227,689,262.053,-582.653,118.79300291,32.03381064,Point,"{""type"":""Point"",""coordinates"":[1227,689]}"
park_road_network_node,node-013,endpoint_or_junction,1,1587.2,689,derived_from_road_centerlines,1587.2,689,810.416,-582.653,118.79682006,32.03381064,Point,"{""type"":""Point"",""coordinates"":[1587.2,689]}"
park_road_network_node,node-014,endpoint_or_junction,1,238,0,derived_from_road_centerlines,238,0,-1243.588,878.3,118.78252216,32.04,Point,"{""type"":""Point"",""coordinates"":[238,0]}"
park_road_network_node,node-015,intersection,4,238,343,derived_from_road_centerlines,238,343,-1243.588,151.004,118.78252216,32.03691879,Point,"{""type"":""Point"",""coordinates"":[238,343]}"
park_road_network_node,node-016,intersection,4,238,456,derived_from_road_centerlines,238,456,-1243.588,-88.601,118.78252216,32.0359037,Point,"{""type"":""Point"",""coordinates"":[238,456]}"
park_road_network_node,node-017,intersection,4,238,563,derived_from_road_centerlines,238,563,-1243.588,-315.483,118.78252216,32.03494251,Point,"{""type"":""Point"",""coordinates"":[238,563]}"
park_road_network_node,node-018,endpoint_or_junction,1,238,947.2,derived_from_road_centerlines,238,947.2,-1243.588,-1130.139,118.78252216,32.0314912,Point,"{""type"":""Point"",""coordinates"":[238,947.2]}"
park_road_network_node,node-019,endpoint_or_junction,1,1227,0,derived_from_road_centerlines,1227,0,262.053,878.3,118.79300291,32.04,Point,"{""type"":""Point"",""coordinates"":[1227,0]}"
park_road_network_node,node-020,intersection,4,1227,343,derived_from_road_centerlines,1227,343,262.053,151.004,118.79300291,32.03691879,Point,"{""type"":""Point"",""coordinates"":[1227,343]}"
park_road_network_node,node-021,intersection,4,1227,456,derived_from_road_centerlines,1227,456,262.053,-88.601,118.79300291,32.0359037,Point,"{""type"":""Point"",""coordinates"":[1227,456]}"
park_road_network_node,node-022,intersection,4,1227,563,derived_from_road_centerlines,1227,563,262.053,-315.483,118.79300291,32.03494251,Point,"{""type"":""Point"",""coordinates"":[1227,563]}"
park_road_network_node,node-023,endpoint_or_junction,1,1227,947.2,derived_from_road_centerlines,1227,947.2,262.053,-1130.139,118.79300291,32.0314912,Point,"{""type"":""Point"",""coordinates"":[1227,947.2]}"
park_road_network_node,node-024,endpoint_or_junction,1,768,226,derived_from_road_centerlines,768,226,-436.723,399.091,118.78813874,32.03796982,Point,"{""type"":""Point"",""coordinates"":[768,226]}"
park_road_network_node,node-025,intersection,4,768,343,derived_from_road_centerlines,768,343,-436.723,151.004,118.78813874,32.03691879,Point,"{""type"":""Point"",""coordinates"":[768,343]}"
park_road_network_node,node-026,intersection,4,768,456,derived_from_road_centerlines,768,456,-436.723,-88.601,118.78813874,32.0359037,Point,"{""type"":""Point"",""coordinates"":[768,456]}"
park_road_network_node,node-027,intersection,4,768,563,derived_from_road_centerlines,768,563,-436.723,-315.483,118.78813874,32.03494251,Point,"{""type"":""Point"",""coordinates"":[768,563]}"
park_road_network_node,node-028,endpoint_or_junction,1,768,678,derived_from_road_centerlines,768,678,-436.723,-559.329,118.78813874,32.03390945,Point,"{""type"":""Point"",""coordinates"":[768,678]}"
park_road_network_node,node-029,endpoint_or_junction,1,948,226,derived_from_road_centerlines,948,226,-162.693,399.091,118.79004626,32.03796982,Point,"{""type"":""Point"",""coordinates"":[948,226]}"
park_road_network_node,node-030,intersection,4,948,343,derived_from_road_centerlines,948,343,-162.693,151.004,118.79004626,32.03691879,Point,"{""type"":""Point"",""coordinates"":[948,343]}"
park_road_network_node,node-031,intersection,4,948,456,derived_from_road_centerlines,948,456,-162.693,-88.601,118.79004626,32.0359037,Point,"{""type"":""Point"",""coordinates"":[948,456]}"
park_road_network_node,node-032,intersection,4,948,563,derived_from_road_centerlines,948,563,-162.693,-315.483,118.79004626,32.03494251,Point,"{""type"":""Point"",""coordinates"":[948,563]}"
park_road_network_node,node-033,endpoint_or_junction,1,948,678,derived_from_road_centerlines,948,678,-162.693,-559.329,118.79004626,32.03390945,Point,"{""type"":""Point"",""coordinates"":[948,678]}"
park_road_network_node,node-034,endpoint_or_junction,1,399,226,derived_from_road_centerlines,399,226,-998.484,399.091,118.78422833,32.03796982,Point,"{""type"":""Point"",""coordinates"":[399,226]}"
park_road_network_node,node-035,intersection,4,399,343,derived_from_road_centerlines,399,343,-998.484,151.004,118.78422833,32.03691879,Point,"{""type"":""Point"",""coordinates"":[399,343]}"
park_road_network_node,node-036,intersection,4,399,456,derived_from_road_centerlines,399,456,-998.484,-88.601,118.78422833,32.0359037,Point,"{""type"":""Point"",""coordinates"":[399,456]}"
park_road_network_node,node-037,intersection,4,399,563,derived_from_road_centerlines,399,563,-998.484,-315.483,118.78422833,32.03494251,Point,"{""type"":""Point"",""coordinates"":[399,563]}"
park_road_network_node,node-038,endpoint_or_junction,1,399,678,derived_from_road_centerlines,399,678,-998.484,-559.329,118.78422833,32.03390945,Point,"{""type"":""Point"",""coordinates"":[399,678]}"
park_road_network_node,node-039,endpoint_or_junction,1,675,226,derived_from_road_centerlines,675,226,-578.305,399.091,118.78715319,32.03796982,Point,"{""type"":""Point"",""coordinates"":[675,226]}"
park_road_network_node,node-040,intersection,4,675,343,derived_from_road_centerlines,675,343,-578.305,151.004,118.78715319,32.03691879,Point,"{""type"":""Point"",""coordinates"":[675,343]}"
park_road_network_node,node-041,intersection,4,675,456,derived_from_road_centerlines,675,456,-578.305,-88.601,118.78715319,32.0359037,Point,"{""type"":""Point"",""coordinates"":[675,456]}"
park_road_network_node,node-042,intersection,4,675,563,derived_from_road_centerlines,675,563,-578.305,-315.483,118.78715319,32.03494251,Point,"{""type"":""Point"",""coordinates"":[675,563]}"
park_road_network_node,node-043,endpoint_or_junction,1,675,678,derived_from_road_centerlines,675,678,-578.305,-559.329,118.78715319,32.03390945,Point,"{""type"":""Point"",""coordinates"":[675,678]}"
park_road_network_node,node-044,endpoint_or_junction,1,1075,226,derived_from_road_centerlines,1075,226,30.65,399.091,118.79139212,32.03796982,Point,"{""type"":""Point"",""coordinates"":[1075,226]}"
park_road_network_node,node-045,intersection,4,1075,343,derived_from_road_centerlines,1075,343,30.65,151.004,118.79139212,32.03691879,Point,"{""type"":""Point"",""coordinates"":[1075,343]}"
park_road_network_node,node-046,intersection,4,1075,456,derived_from_road_centerlines,1075,456,30.65,-88.601,118.79139212,32.0359037,Point,"{""type"":""Point"",""coordinates"":[1075,456]}"
park_road_network_node,node-047,intersection,4,1075,563,derived_from_road_centerlines,1075,563,30.65,-315.483,118.79139212,32.03494251,Point,"{""type"":""Point"",""coordinates"":[1075,563]}"
park_road_network_node,node-048,endpoint_or_junction,1,1075,678,derived_from_road_centerlines,1075,678,30.65,-559.329,118.79139212,32.03390945,Point,"{""type"":""Point"",""coordinates"":[1075,678]}"
park_road_network_node,node-049,endpoint_or_junction,1,229,343,derived_from_road_centerlines,229,343,-1257.29,151.004,118.78242679,32.03691879,Point,"{""type"":""Point"",""coordinates"":[229,343]}"
park_road_network_node,node-050,intersection,4,255,343,derived_from_road_centerlines,255,343,-1217.708,151.004,118.78270232,32.03691879,Point,"{""type"":""Point"",""coordinates"":[255,343]}"
park_road_network_node,node-051,intersection,4,589,343,derived_from_road_centerlines,589,343,-709.23,151.004,118.78624182,32.03691879,Point,"{""type"":""Point"",""coordinates"":[589,343]}"
park_road_network_node,node-052,intersection,4,991,343,derived_from_road_centerlines,991,343,-97.231,151.004,118.79050194,32.03691879,Point,"{""type"":""Point"",""coordinates"":[991,343]}"
park_road_network_node,node-053,endpoint_or_junction,1,1238,343,derived_from_road_centerlines,1238,343,278.799,151.004,118.79311948,32.03691879,Point,"{""type"":""Point"",""coordinates"":[1238,343]}"
park_road_network_node,node-054,endpoint_or_junction,1,229,456,derived_from_road_centerlines,229,456,-1257.29,-88.601,118.78242679,32.0359037,Point,"{""type"":""Point"",""coordinates"":[229,456]}"
park_road_network_node,node-055,intersection,4,255,456,derived_from_road_centerlines,255,456,-1217.708,-88.601,118.78270232,32.0359037,Point,"{""type"":""Point"",""coordinates"":[255,456]}"
park_road_network_node,node-056,intersection,4,589,456,derived_from_road_centerlines,589,456,-709.23,-88.601,118.78624182,32.0359037,Point,"{""type"":""Point"",""coordinates"":[589,456]}"
park_road_network_node,node-057,intersection,4,991,456,derived_from_road_centerlines,991,456,-97.231,-88.601,118.79050194,32.0359037,Point,"{""type"":""Point"",""coordinates"":[991,456]}"
park_road_network_node,node-058,endpoint_or_junction,1,1238,456,derived_from_road_centerlines,1238,456,278.799,-88.601,118.79311948,32.0359037,Point,"{""type"":""Point"",""coordinates"":[1238,456]}"
park_road_network_node,node-059,endpoint_or_junction,1,229,563,derived_from_road_centerlines,229,563,-1257.29,-315.483,118.78242679,32.03494251,Point,"{""type"":""Point"",""coordinates"":[229,563]}"
park_road_network_node,node-060,intersection,4,255,563,derived_from_road_centerlines,255,563,-1217.708,-315.483,118.78270232,32.03494251,Point,"{""type"":""Point"",""coordinates"":[255,563]}"
park_road_network_node,node-061,intersection,4,589,563,derived_from_road_centerlines,589,563,-709.23,-315.483,118.78624182,32.03494251,Point,"{""type"":""Point"",""coordinates"":[589,563]}"
park_road_network_node,node-062,intersection,4,991,563,derived_from_road_centerlines,991,563,-97.231,-315.483,118.79050194,32.03494251,Point,"{""type"":""Point"",""coordinates"":[991,563]}"
park_road_network_node,node-063,endpoint_or_junction,1,1238,563,derived_from_road_centerlines,1238,563,278.799,-315.483,118.79311948,32.03494251,Point,"{""type"":""Point"",""coordinates"":[1238,563]}"
park_road_network_node,node-064,endpoint_or_junction,1,255,246,derived_from_road_centerlines,255,246,-1217.708,356.683,118.78270232,32.03779015,Point,"{""type"":""Point"",""coordinates"":[255,246]}"
park_road_network_node,node-065,endpoint_or_junction,1,255,678,derived_from_road_centerlines,255,678,-1217.708,-559.329,118.78270232,32.03390945,Point,"{""type"":""Point"",""coordinates"":[255,678]}"
park_road_network_node,node-066,endpoint_or_junction,1,589,246,derived_from_road_centerlines,589,246,-709.23,356.683,118.78624182,32.03779015,Point,"{""type"":""Point"",""coordinates"":[589,246]}"
park_road_network_node,node-067,endpoint_or_junction,1,589,678,derived_from_road_centerlines,589,678,-709.23,-559.329,118.78624182,32.03390945,Point,"{""type"":""Point"",""coordinates"":[589,678]}"
park_road_network_node,node-068,endpoint_or_junction,1,991,246,derived_from_road_centerlines,991,246,-97.231,356.683,118.79050194,32.03779015,Point,"{""type"":""Point"",""coordinates"":[991,246]}"
park_road_network_node,node-069,endpoint_or_junction,1,991,678,derived_from_road_centerlines,991,678,-97.231,-559.329,118.79050194,32.03390945,Point,"{""type"":""Point"",""coordinates"":[991,678]}"
